id;name;phone;email;relation_ship
1;Extremadura Jordanian bluetooth;948 366 180;Rosa_Jasso@gmail.com;Berkshire
2;Rústico;953-364-786;Yolanda7@yahoo.com;Descentralizado Sabroso
3;Lesotho;943-350-288;Alejandra.Dvila@hotmail.com;aggregate evolve IB
4;real-time Representante Cambridgeshire;911.292.601;Marta.vila@gmail.com;USB Senior Cine
5;direccional e-tailers;908 487 641;Sara_Valentn26@yahoo.com;Taiwan
6;Videojuegos transmitting;967 239 345;Marcela59@yahoo.com;Mobilidad
7;compress drive Bicicleta;985072477;JorgeLuis86@gmail.com;Negro Loan Ingeniería
8;auxiliary;902-382-968;Joaqun6@hotmail.com;Calidad Polarizado EXE
9;Pelota hacking Lado;978.969.188;Martn37@gmail.com;generación País Savings
10;Guapa synthesizing;986-434-547;MaraJos_Anaya@gmail.com;input Gorro
